trial,trial_type,site,date,time,chick,nest,tarsus,mass,age,sex,setup,maze_area,donour_id,donour_sex,odour_type,odour_date,odour_trial_diffdate,odours_diffdate,odour_used,scoring_order,trial_success,out_time,delay,first_side,duration
1A,A,Lamboara SI,20/04/2022,15,FJ02510,43,16.54,5.45,1,NA,1,left,FJ02508,NA,np,20/04/2022,0,NA,NA,54,1,34.939,51.651,0,44.81
1A,A,Lamboara SI,20/04/2022,15,FJ02510,43,16.54,5.45,1,NA,1,right,NA,NA,c,NA,NA,NA,1,54,1,34.939,36.553,1,348.657
1A,A,Lamboara SI,20/04/2022,15,FJ02510,43,16.54,5.45,1,NA,1,middle,NA,NA,NA,NA,NA,NA,NA,54,1,34.939,NA,NA,415.482
1A,A,Lamboara SI,20/04/2022,15,FJ02510,43,16.54,5.45,1,NA,1,chamber,NA,NA,NA,NA,NA,NA,NA,54,1,34.939,NA,NA,91.051
1B,B,Lamboara SI,20/04/2022,15,FJ02510,43,16.54,5.45,1,NA,1,left,FJ02508,NA,np,20/04/2022,0,0,2,55,1,9.207,252.74,0,392.788
1B,B,Lamboara SI,20/04/2022,15,FJ02510,43,16.54,5.45,1,NA,1,right,FJ02243,NA,p,20/04/2022,0,0,1,55,1,9.207,87.251,1,117.639
1B,B,Lamboara SI,20/04/2022,15,FJ02510,43,16.54,5.45,1,NA,1,middle,NA,NA,NA,NA,NA,NA,NA,55,1,9.207,NA,NA,332.593
1B,B,Lamboara SI,20/04/2022,15,FJ02510,43,16.54,5.45,1,NA,1,chamber,NA,NA,NA,NA,NA,NA,NA,55,1,9.207,NA,NA,56.98
2A,A,Lamboara SI,20/04/2022,16,FJ02511,29,16.46,5.80,1,NA,2,left,FJ02243,NA,np,20/04/2022,0,NA,2,70,1,92.38,326.135,0,69.612
2A,A,Lamboara SI,20/04/2022,16,FJ02511,29,16.46,5.80,1,NA,2,right,NA,NA,c,NA,NA,NA,NA,70,1,92.38,183.147,1,22.881
2A,A,Lamboara SI,20/04/2022,16,FJ02511,29,16.46,5.80,1,NA,2,middle,NA,NA,NA,NA,NA,NA,NA,70,1,92.38,NA,NA,338.57
2A,A,Lamboara SI,20/04/2022,16,FJ02511,29,16.46,5.80,1,NA,2,chamber,NA,NA,NA,NA,NA,NA,NA,70,1,92.38,NA,NA,468.937
2B,B,Lamboara SI,20/04/2022,16,FJ02511,29,16.46,5.80,1,NA,2,left,FJ02310,NA,p,20/04/2022,0,0,1,61,1,6.36,529.98,0,77.001
2B,B,Lamboara SI,20/04/2022,16,FJ02511,29,16.46,5.80,1,NA,2,right,FJ02508,NA,np,20/04/2022,0,0,3,61,1,6.36,466.651,1,50.229
2B,B,Lamboara SI,20/04/2022,16,FJ02511,29,16.46,5.80,1,NA,2,middle,NA,NA,NA,NA,NA,NA,NA,61,1,6.36,NA,NA,377.229
2B,B,Lamboara SI,20/04/2022,16,FJ02511,29,16.46,5.80,1,NA,2,chamber,NA,NA,NA,NA,NA,NA,NA,61,1,6.36,NA,NA,395.541
3A,A,Ambondro beach,21/04/2022,14,FJ02512,205,18.40,4.58,1,NA,3,left,NA,NA,c,NA,NA,NA,NA,11,1,99.69,267.648,0,52.458
3A,A,Ambondro beach,21/04/2022,14,FJ02512,205,18.40,4.58,1,NA,3,right,FJ02310,NA,np,20/04/2022,1,NA,2,11,1,99.69,112.509,1,96.718
3A,A,Ambondro beach,21/04/2022,14,FJ02512,205,18.40,4.58,1,NA,3,middle,NA,NA,NA,NA,NA,NA,NA,11,1,99.69,NA,NA,520.196
3A,A,Ambondro beach,21/04/2022,14,FJ02512,205,18.40,4.58,1,NA,3,chamber,NA,NA,NA,NA,NA,NA,NA,11,1,99.69,NA,NA,230.628
3B,B,Ambondro beach,21/04/2022,14,FJ02512,205,18.40,4.58,1,NA,3,left,FJ02243,NA,np,20/04/2022,1,1,3,17,1,31.523,44.434,0,230.193
3B,B,Ambondro beach,21/04/2022,14,FJ02512,205,18.40,4.58,1,NA,3,right,FJ02235,NA,p,21/04/2022,0,1,1,17,1,31.523,37.503,1,22.883
3B,B,Ambondro beach,21/04/2022,14,FJ02512,205,18.40,4.58,1,NA,3,middle,NA,NA,NA,NA,NA,NA,NA,17,1,31.523,NA,NA,501.042
3B,B,Ambondro beach,21/04/2022,14,FJ02512,205,18.40,4.58,1,NA,3,chamber,NA,NA,NA,NA,NA,NA,NA,17,1,31.523,NA,NA,145.882
4A,A,Ambondro beach,21/04/2022,15,FJ02513,205,18.95,4.81,3,NA,4,left,NA,NA,c,NA,NA,NA,NA,18,1,0.286,3.228,0,159.244
4A,A,Ambondro beach,21/04/2022,15,FJ02513,205,18.95,4.81,3,NA,4,right,FJ02243,NA,np,20/04/2022,1,NA,4,18,1,0.286,1.519,1,239.087
4A,A,Ambondro beach,21/04/2022,15,FJ02513,205,18.95,4.81,3,NA,4,middle,NA,NA,NA,NA,NA,NA,NA,18,1,0.286,NA,NA,148.62
4A,A,Ambondro beach,21/04/2022,15,FJ02513,205,18.95,4.81,3,NA,4,chamber,NA,NA,NA,NA,NA,NA,NA,18,1,0.286,NA,NA,353.049
4B,B,Ambondro beach,21/04/2022,15,FJ02513,205,18.95,4.81,3,NA,4,left,FJ02235,NA,p,21/04/2022,0,1,2,51,1,176.312,833.991,1,5.412
4B,B,Ambondro beach,21/04/2022,15,FJ02513,205,18.95,4.81,3,NA,4,right,FJ02310,NA,np,20/04/2022,1,1,3,51,1,176.312,NA,0,0
4B,B,Ambondro beach,21/04/2022,15,FJ02513,205,18.95,4.81,3,NA,4,middle,NA,NA,NA,NA,NA,NA,NA,51,1,176.312,NA,NA,640.99
4B,B,Ambondro beach,21/04/2022,15,FJ02513,205,18.95,4.81,3,NA,4,chamber,NA,NA,NA,NA,NA,NA,NA,51,1,176.312,NA,NA,253.598
5A,A,A,27/04/2022,14,FJ02514,19,25.33,14.20,21,NA,1,left,FJ02235,NA,np,21/04/2022,6,NA,3,73,1,278.657,423.449,1,4.561
5A,A,A,27/04/2022,14,FJ02514,19,25.33,14.20,21,NA,1,right,NA,NA,c,NA,NA,NA,NA,73,1,278.657,NA,0,0
5A,A,A,27/04/2022,14,FJ02514,19,25.33,14.20,21,NA,1,middle,NA,NA,NA,NA,NA,NA,NA,73,1,278.657,NA,NA,71.012
5A,A,A,27/04/2022,14,FJ02514,19,25.33,14.20,21,NA,1,chamber,NA,NA,NA,NA,NA,NA,NA,73,1,278.657,NA,NA,824.427
6A,A,A,27/04/2022,15,FJ02255,19,24.53,12.50,18,NA,3,left,NA,NA,c,NA,NA,NA,NA,56,0,NA,NA,NA,0
6A,A,A,27/04/2022,15,FJ02255,19,24.53,12.50,18,NA,3,right,FJ02310,NA,np,20/04/2022,7,NA,4,56,0,NA,NA,NA,0
6A,A,A,27/04/2022,15,FJ02255,19,24.53,12.50,18,NA,3,middle,NA,NA,NA,NA,NA,NA,NA,56,0,NA,NA,NA,0
6A,A,A,27/04/2022,15,FJ02255,19,24.53,12.50,18,NA,3,chamber,NA,NA,NA,NA,NA,NA,NA,56,0,NA,NA,NA,900
7A,A,E,27/04/2022,18,FJ02228,204,26.22,22.30,23,NA,3,left,NA,NA,c,NA,NA,NA,NA,10,0,NA,NA,NA,0
7A,A,E,27/04/2022,18,FJ02228,204,26.22,22.30,23,NA,3,right,FJ02235,NA,np,21/04/2022,6,NA,4,10,0,NA,NA,NA,0
7A,A,E,27/04/2022,18,FJ02228,204,26.22,22.30,23,NA,3,middle,NA,NA,NA,NA,NA,NA,NA,10,0,NA,NA,NA,0
7A,A,E,27/04/2022,18,FJ02228,204,26.22,22.30,23,NA,3,chamber,NA,NA,NA,NA,NA,NA,NA,10,0,NA,NA,NA,900
8A,A,E,27/04/2022,18,FJ02227,204,26.20,22.00,23,NA,4,left,NA,NA,c,NA,NA,NA,NA,22,1,629.298,629.868,1,270.132
8A,A,E,27/04/2022,18,FJ02227,204,26.20,22.00,23,NA,4,right,FJ02310,NA,np,20/04/2022,7,NA,5,22,1,629.298,NA,0,0
8A,A,E,27/04/2022,18,FJ02227,204,26.20,22.00,23,NA,4,middle,NA,NA,NA,NA,NA,NA,NA,22,1,629.298,NA,NA,0.57
8A,A,E,27/04/2022,18,FJ02227,204,26.20,22.00,23,NA,4,chamber,NA,NA,NA,NA,NA,NA,NA,22,1,629.298,NA,NA,629.298
9A,A,Lamboara SI,28/04/2022,14,FJ02519,-301,22.89,10.39,14,NA,1,left,FJ02235,NA,np,21/04/2022,7,NA,5,3,1,337.528,340.755,1,122.668
9A,A,Lamboara SI,28/04/2022,14,FJ02519,-301,22.89,10.39,14,NA,1,right,NA,NA,c,NA,NA,NA,NA,3,1,337.528,361.833,0,15.381
9A,A,Lamboara SI,28/04/2022,14,FJ02519,-301,22.89,10.39,14,NA,1,middle,NA,NA,NA,NA,NA,NA,NA,3,1,337.528,NA,NA,78.709
9A,A,Lamboara SI,28/04/2022,14,FJ02519,-301,22.89,10.39,14,NA,1,chamber,NA,NA,NA,NA,NA,NA,NA,3,1,337.528,NA,NA,683.242
10A,A,Lamboara West Beach,28/04/2022,16,FJ02520,207,18.40,5.00,1,NA,2,left,FJ02235,NA,np,21/04/2022,7,NA,6,27,1,6.076,202.042,0,127.426
10A,A,Lamboara West Beach,28/04/2022,16,FJ02520,207,18.40,5.00,1,NA,2,right,NA,NA,c,NA,NA,NA,NA,27,1,6.076,11.403,1,405.667
10A,A,Lamboara West Beach,28/04/2022,16,FJ02520,207,18.40,5.00,1,NA,2,middle,NA,NA,NA,NA,NA,NA,NA,27,1,6.076,NA,NA,265.577
10A,A,Lamboara West Beach,28/04/2022,16,FJ02520,207,18.40,5.00,1,NA,2,chamber,NA,NA,NA,NA,NA,NA,NA,27,1,6.076,NA,NA,101.33
10B,B,Lamboara West Beach,28/04/2022,16,FJ02520,207,18.40,5.00,1,NA,2,left,FJ02501,NA,p,28/04/2022,0,8,1,1,1,1.233,3.892,1,169.253
10B,B,Lamboara West Beach,28/04/2022,16,FJ02520,207,18.40,5.00,1,NA,2,right,FJ02243,NA,np,20/04/2022,8,8,5,1,1,1.233,70.731,0,132.92
10B,B,Lamboara West Beach,28/04/2022,16,FJ02520,207,18.40,5.00,1,NA,2,middle,NA,NA,NA,NA,NA,NA,NA,1,1,1.233,NA,NA,467.703
10B,B,Lamboara West Beach,28/04/2022,16,FJ02520,207,18.40,5.00,1,NA,2,chamber,NA,NA,NA,NA,NA,NA,NA,1,1,1.233,NA,NA,130.124
11A,A,Lamboara West Beach,29/04/2022,14,FJ02521,-303,18.60,5.68,2,NA,1,left,FJ02504,NA,np,28/04/2022,1,NA,1,76,1,58.862,73.957,0,259.968
11A,A,Lamboara West Beach,29/04/2022,14,FJ02521,-303,18.60,5.68,2,NA,1,right,NA,NA,c,NA,NA,NA,NA,76,1,58.862,65.602,1,96.752
11A,A,Lamboara West Beach,29/04/2022,14,FJ02521,-303,18.60,5.68,2,NA,1,middle,NA,NA,NA,NA,NA,NA,NA,76,1,58.862,NA,NA,360.401
11A,A,Lamboara West Beach,29/04/2022,14,FJ02521,-303,18.60,5.68,2,NA,1,chamber,NA,NA,NA,NA,NA,NA,NA,76,1,58.862,NA,NA,182.879
11B,B,Lamboara West Beach,29/04/2022,14,FJ02521,-303,18.60,5.68,2,NA,1,left,FJ02501,NA,np,28/04/2022,1,1,2,21,1,26.679,27.058,1,48.476
11B,B,Lamboara West Beach,29/04/2022,14,FJ02521,-303,18.60,5.68,2,NA,1,right,FJ02116,NA,p,29/04/2022,0,1,1,21,1,26.679,52.218,0,22.407
11B,B,Lamboara West Beach,29/04/2022,14,FJ02521,-303,18.60,5.68,2,NA,1,middle,NA,NA,NA,NA,NA,NA,NA,21,1,26.679,NA,NA,794.176
11B,B,Lamboara West Beach,29/04/2022,14,FJ02521,-303,18.60,5.68,2,NA,1,chamber,NA,NA,NA,NA,NA,NA,NA,21,1,26.679,NA,NA,34.941
12A,A,West Mamelo,30/04/2022,11,FJ02524,-302,18.21,5.25,1,NA,4,left,NA,NA,c,NA,NA,NA,NA,67,1,106.528,121.814,0,115.289
12A,A,West Mamelo,30/04/2022,11,FJ02524,-302,18.21,5.25,1,NA,4,right,FJ02504,NA,np,28/04/2022,2,NA,2,67,1,106.528,108.428,1,177.669
12A,A,West Mamelo,30/04/2022,11,FJ02524,-302,18.21,5.25,1,NA,4,middle,NA,NA,NA,NA,NA,NA,NA,67,1,106.528,NA,NA,112.455
12A,A,West Mamelo,30/04/2022,11,FJ02524,-302,18.21,5.25,1,NA,4,chamber,NA,NA,NA,NA,NA,NA,NA,67,1,106.528,NA,NA,494.587
12B,B,West Mamelo,30/04/2022,11,FJ02524,-302,18.21,5.25,1,NA,4,left,FJ02522,NA,p,30/04/2022,0,1,1,47,1,52.504,125.707,0,143.2
12B,B,West Mamelo,30/04/2022,11,FJ02524,-302,18.21,5.25,1,NA,4,right,FJ02522,NA,np,29/04/2022,1,1,2,47,1,52.504,71.112,1,228.369
12B,B,West Mamelo,30/04/2022,11,FJ02524,-302,18.21,5.25,1,NA,4,middle,NA,NA,NA,NA,NA,NA,NA,47,1,52.504,NA,NA,218.703
12B,B,West Mamelo,30/04/2022,11,FJ02524,-302,18.21,5.25,1,NA,4,chamber,NA,NA,NA,NA,NA,NA,NA,47,1,52.504,NA,NA,309.728
13A,A,West Mamelo,30/04/2022,12,FJ02525,-302,19.39,5.88,4,NA,3,left,NA,NA,c,NA,NA,NA,NA,28,1,77.093,79.657,1,165.286
13A,A,West Mamelo,30/04/2022,12,FJ02525,-302,19.39,5.88,4,NA,3,right,FJ02116,NA,np,29/04/2022,1,NA,3,28,1,77.093,87.914,0,294.337
13A,A,West Mamelo,30/04/2022,12,FJ02525,-302,19.39,5.88,4,NA,3,middle,NA,NA,NA,NA,NA,NA,NA,28,1,77.093,NA,NA,157.107
13A,A,West Mamelo,30/04/2022,12,FJ02525,-302,19.39,5.88,4,NA,3,chamber,NA,NA,NA,NA,NA,NA,NA,28,1,77.093,NA,NA,283.27
13B,B,West Mamelo,30/04/2022,12,FJ02525,-302,19.39,5.88,4,NA,3,left,FJ02501,NA,np,28/04/2022,2,2,3,26,1,41.297,44.342,0,210.326
13B,B,West Mamelo,30/04/2022,12,FJ02525,-302,19.39,5.88,4,NA,3,right,FJ02522,NA,p,30/04/2022,0,2,1,26,1,41.297,42.057,1,222.018
13B,B,West Mamelo,30/04/2022,12,FJ02525,-302,19.39,5.88,4,NA,3,middle,NA,NA,NA,NA,NA,NA,NA,26,1,41.297,NA,NA,145.122
13B,B,West Mamelo,30/04/2022,12,FJ02525,-302,19.39,5.88,4,NA,3,chamber,NA,NA,NA,NA,NA,NA,NA,26,1,41.297,NA,NA,322.534
14A,A,F,02/05/2022,10,FJ02526,-304,19.85,8.20,5,NA,2,left,FJ02522,NA,np,30/04/2022,2,NA,2,16,0,NA,NA,NA,0
14A,A,F,02/05/2022,10,FJ02526,-304,19.85,8.20,5,NA,2,right,NA,NA,c,NA,NA,NA,NA,16,0,NA,NA,NA,0
14A,A,F,02/05/2022,10,FJ02526,-304,19.85,8.20,5,NA,2,middle,NA,NA,NA,NA,NA,NA,NA,16,0,NA,NA,NA,0
14A,A,F,02/05/2022,10,FJ02526,-304,19.85,8.20,5,NA,2,chamber,NA,NA,NA,NA,NA,NA,NA,16,0,NA,NA,NA,900
14B,B,F,02/05/2022,10,FJ02526,-304,19.85,8.20,5,NA,2,left,FH68778,NA,p,02/05/2022,0,2,1,24,0,NA,NA,NA,0
14B,B,F,02/05/2022,10,FJ02526,-304,19.85,8.20,5,NA,2,right,FJ02523,NA,np,30/04/2022,2,2,1,24,0,NA,NA,NA,0
14B,B,F,02/05/2022,10,FJ02526,-304,19.85,8.20,5,NA,2,middle,NA,NA,NA,NA,NA,NA,NA,24,0,NA,NA,NA,0
14B,B,F,02/05/2022,10,FJ02526,-304,19.85,8.20,5,NA,2,chamber,NA,NA,NA,NA,NA,NA,NA,24,0,NA,NA,NA,900
15A,A,Pandaroa,03/05/2022,15,FJ02527,-306,24.65,14.45,19,NA,3,left,NA,NA,c,NA,NA,NA,NA,12,0,NA,NA,NA,0
15A,A,Pandaroa,03/05/2022,15,FJ02527,-306,24.65,14.45,19,NA,3,right,FH68778,NA,np,02/05/2022,1,NA,2,12,0,NA,NA,NA,0
15A,A,Pandaroa,03/05/2022,15,FJ02527,-306,24.65,14.45,19,NA,3,middle,NA,NA,NA,NA,NA,NA,NA,12,0,NA,NA,NA,0
15A,A,Pandaroa,03/05/2022,15,FJ02527,-306,24.65,14.45,19,NA,3,chamber,NA,NA,NA,NA,NA,NA,NA,12,0,NA,NA,NA,900
16A,A,Pandaroa,03/05/2022,16,FJ02528,-307,24.70,17.46,19,NA,4,left,NA,NA,c,NA,NA,NA,NA,50,0,NA,NA,NA,0
16A,A,Pandaroa,03/05/2022,16,FJ02528,-307,24.70,17.46,19,NA,4,right,FH73255,NA,np,02/05/2022,1,NA,1,50,0,NA,NA,NA,0
16A,A,Pandaroa,03/05/2022,16,FJ02528,-307,24.70,17.46,19,NA,4,middle,NA,NA,NA,NA,NA,NA,NA,50,0,NA,NA,NA,0
16A,A,Pandaroa,03/05/2022,16,FJ02528,-307,24.70,17.46,19,NA,4,chamber,NA,NA,NA,NA,NA,NA,NA,50,0,NA,NA,NA,900
17A,A,D,04/05/2022,14,FJ02529,-308,23.12,10.43,14,NA,1,left,FH73255,NA,np,02/05/2022,2,NA,2,69,0,NA,NA,NA,0
17A,A,D,04/05/2022,14,FJ02529,-308,23.12,10.43,14,NA,1,right,NA,NA,c,NA,NA,NA,NA,69,0,NA,NA,NA,0
17A,A,D,04/05/2022,14,FJ02529,-308,23.12,10.43,14,NA,1,middle,NA,NA,NA,NA,NA,NA,NA,69,0,NA,NA,NA,0
17A,A,D,04/05/2022,14,FJ02529,-308,23.12,10.43,14,NA,1,chamber,NA,NA,NA,NA,NA,NA,NA,69,0,NA,NA,NA,900
17B,B,D,04/05/2022,14,FJ02529,-308,23.12,10.43,14,NA,1,left,FH68778,NA,np,02/05/2022,0,2,3,66,0,NA,NA,NA,0
17B,B,D,04/05/2022,14,FJ02529,-308,23.12,10.43,14,NA,1,right,FH80577,NA,p,04/05/2022,2,2,1,66,0,NA,NA,NA,0
17B,B,D,04/05/2022,14,FJ02529,-308,23.12,10.43,14,NA,1,middle,NA,NA,NA,NA,NA,NA,NA,66,0,NA,NA,NA,0
17B,B,D,04/05/2022,14,FJ02529,-308,23.12,10.43,14,NA,1,chamber,NA,NA,NA,NA,NA,NA,NA,66,0,NA,NA,NA,900
18A,A,Sirasira Coco,05/05/2022,14,FJ02531,-309,26.01,23.62,22,NA,2,left,FH73255,NA,np,02/05/2022,3,NA,3,33,1,731.643,737.434,1,15.665
18A,A,Sirasira Coco,05/05/2022,14,FJ02531,-309,26.01,23.62,22,NA,2,right,NA,NA,c,NA,NA,NA,NA,33,1,731.643,744.08,0,14.762
18A,A,Sirasira Coco,05/05/2022,14,FJ02531,-309,26.01,23.62,22,NA,2,middle,NA,NA,NA,NA,NA,NA,NA,33,1,731.643,NA,NA,70.31
18A,A,Sirasira Coco,05/05/2022,14,FJ02531,-309,26.01,23.62,22,NA,2,chamber,NA,NA,NA,NA,NA,NA,NA,33,1,731.643,NA,NA,799.263
18B,B,Sirasira Coco,05/05/2022,14,FJ02531,-309,26.01,23.62,22,NA,2,left,FJ02530,NA,p,05/05/2022,0,1,1,35,0,NA,NA,NA,0
18B,B,Sirasira Coco,05/05/2022,14,FJ02531,-309,26.01,23.62,22,NA,2,right,FH80577,NA,np,04/05/2022,1,1,2,35,0,NA,NA,NA,0
18B,B,Sirasira Coco,05/05/2022,14,FJ02531,-309,26.01,23.62,22,NA,2,middle,NA,NA,NA,NA,NA,NA,NA,35,0,NA,NA,NA,0
18B,B,Sirasira Coco,05/05/2022,14,FJ02531,-309,26.01,23.62,22,NA,2,chamber,NA,NA,NA,NA,NA,NA,NA,35,0,NA,NA,NA,900
19A,A,Sirasira Coco,06/05/2022,14,FJ02532,-311,19.84,6.76,5,NA,3,left,NA,NA,c,NA,NA,NA,NA,43,0,NA,NA,NA,0
19A,A,Sirasira Coco,06/05/2022,14,FJ02532,-311,19.84,6.76,5,NA,3,right,FH80577,NA,np,04/05/2022,2,NA,3,43,0,NA,NA,NA,0
19A,A,Sirasira Coco,06/05/2022,14,FJ02532,-311,19.84,6.76,5,NA,3,middle,NA,NA,NA,NA,NA,NA,NA,43,0,NA,NA,NA,0
19A,A,Sirasira Coco,06/05/2022,14,FJ02532,-311,19.84,6.76,5,NA,3,chamber,NA,NA,NA,NA,NA,NA,NA,43,0,NA,NA,NA,900
20A,A,Sirasira Coco,06/05/2022,14,FJ02533,-311,20.44,7.13,7,NA,4,left,NA,NA,c,NA,NA,NA,NA,29,0,NA,NA,NA,0
20A,A,Sirasira Coco,06/05/2022,14,FJ02533,-311,20.44,7.13,7,NA,4,right,FJ02530,NA,np,05/05/2022,1,NA,2,29,0,NA,NA,NA,0
20A,A,Sirasira Coco,06/05/2022,14,FJ02533,-311,20.44,7.13,7,NA,4,middle,NA,NA,NA,NA,NA,NA,NA,29,0,NA,NA,NA,0
20A,A,Sirasira Coco,06/05/2022,14,FJ02533,-311,20.44,7.13,7,NA,4,chamber,NA,NA,NA,NA,NA,NA,NA,29,0,NA,NA,NA,900
21A,A,Sirasira Coco,06/05/2022,15,FJ02534,-312,19.45,6.52,4,NA,1,left,FJ02530,NA,np,05/05/2022,1,NA,3,15,0,NA,NA,NA,0
21A,A,Sirasira Coco,06/05/2022,15,FJ02534,-312,19.45,6.52,4,NA,1,right,NA,NA,c,NA,NA,NA,NA,15,0,NA,NA,NA,0
21A,A,Sirasira Coco,06/05/2022,15,FJ02534,-312,19.45,6.52,4,NA,1,middle,NA,NA,NA,NA,NA,NA,NA,15,0,NA,NA,NA,0
21A,A,Sirasira Coco,06/05/2022,15,FJ02534,-312,19.45,6.52,4,NA,1,chamber,NA,NA,NA,NA,NA,NA,NA,15,0,NA,NA,NA,900
22A,A,Sirasira Coco,06/05/2022,16,FJ02535,-312,19.86,7.00,5,NA,2,left,FH80577,NA,np,04/05/2022,2,NA,4,60,1,135.389,137.763,1,69.677
22A,A,Sirasira Coco,06/05/2022,16,FJ02535,-312,19.86,7.00,5,NA,2,right,NA,NA,c,NA,NA,NA,NA,60,1,135.389,475.388,0,80.441
22A,A,Sirasira Coco,06/05/2022,16,FJ02535,-312,19.86,7.00,5,NA,2,middle,NA,NA,NA,NA,NA,NA,NA,60,1,135.389,NA,NA,116.219
22A,A,Sirasira Coco,06/05/2022,16,FJ02535,-312,19.86,7.00,5,NA,2,chamber,NA,NA,NA,NA,NA,NA,NA,60,1,135.389,NA,NA,633.663
23A,A,Sirasira Coco,06/05/2022,17,FJ02536,-313,25.04,21.00,20,NA,3,left,NA,NA,c,NA,NA,NA,NA,44,0,NA,NA,NA,0
23A,A,Sirasira Coco,06/05/2022,17,FJ02536,-313,25.04,21.00,20,NA,3,right,FJ02530,NA,np,05/05/2022,1,NA,4,44,0,NA,NA,NA,0
23A,A,Sirasira Coco,06/05/2022,17,FJ02536,-313,25.04,21.00,20,NA,3,middle,NA,NA,NA,NA,NA,NA,NA,44,0,NA,NA,NA,0
23A,A,Sirasira Coco,06/05/2022,17,FJ02536,-313,25.04,21.00,20,NA,3,chamber,NA,NA,NA,NA,NA,NA,NA,44,0,NA,NA,NA,900
24A,A,Sirasira Coco,07/05/2022,10,FJ02537,-310,20.06,6.69,6,NA,4,left,NA,NA,c,NA,NA,NA,NA,45,0,NA,NA,NA,0
24A,A,Sirasira Coco,07/05/2022,10,FJ02537,-310,20.06,6.69,6,NA,4,right,FJ02530,NA,np,05/05/2022,2,NA,5,45,0,NA,NA,NA,0
24A,A,Sirasira Coco,07/05/2022,10,FJ02537,-310,20.06,6.69,6,NA,4,middle,NA,NA,NA,NA,NA,NA,NA,45,0,NA,NA,NA,0
24A,A,Sirasira Coco,07/05/2022,10,FJ02537,-310,20.06,6.69,6,NA,4,chamber,NA,NA,NA,NA,NA,NA,NA,45,0,NA,NA,NA,900
25A,A,Sirasira Coco,07/05/2022,15,FJ02533,-311,20.59,7.00,7,NA,1,left,FJ02530,NA,np,05/05/2022,2,NA,6,71,1,777.882,NA,0,0
25A,A,Sirasira Coco,07/05/2022,15,FJ02533,-311,20.59,7.00,7,NA,1,right,NA,NA,c,NA,NA,NA,NA,71,1,777.882,784.34,1,6.075
25A,A,Sirasira Coco,07/05/2022,15,FJ02533,-311,20.59,7.00,7,NA,1,middle,NA,NA,NA,NA,NA,NA,NA,71,1,777.882,NA,NA,14.719
25A,A,Sirasira Coco,07/05/2022,15,FJ02533,-311,20.59,7.00,7,NA,1,chamber,NA,NA,NA,NA,NA,NA,NA,71,1,777.882,NA,NA,879.206
26A,A,Sirasira Coco,07/05/2022,16,FJ02532,-311,19.89,6.80,5,NA,2,left,FH80577,NA,np,04/05/2022,3,NA,5,68,1,266.128,271.066,1,103.591
26A,A,Sirasira Coco,07/05/2022,16,FJ02532,-311,19.89,6.80,5,NA,2,right,NA,NA,c,NA,NA,NA,NA,68,1,266.128,458.772,0,94.29
26A,A,Sirasira Coco,07/05/2022,16,FJ02532,-311,19.89,6.80,5,NA,2,middle,NA,NA,NA,NA,NA,NA,NA,68,1,266.128,NA,NA,51.067
26A,A,Sirasira Coco,07/05/2022,16,FJ02532,-311,19.89,6.80,5,NA,2,chamber,NA,NA,NA,NA,NA,NA,NA,68,1,266.128,NA,NA,651.052
27A,A,Loviky,10/05/2022,16,FJ02538,-314,25.44,25.86,21,NA,3,left,NA,NA,c,NA,NA,NA,NA,30,0,NA,NA,NA,0
27A,A,Loviky,10/05/2022,16,FJ02538,-314,25.44,25.86,21,NA,3,right,FJ02518,NA,np,09/05/2022,1,NA,1,30,0,NA,NA,NA,0
27A,A,Loviky,10/05/2022,16,FJ02538,-314,25.44,25.86,21,NA,3,middle,NA,NA,NA,NA,NA,NA,NA,30,0,NA,NA,NA,0
27A,A,Loviky,10/05/2022,16,FJ02538,-314,25.44,25.86,21,NA,3,chamber,NA,NA,NA,NA,NA,NA,NA,30,0,NA,NA,NA,900
28A,A,Lamboara South-East beach,11/05/2022,10,FJ02540,-315,24.95,14.12,19,NA,3,left,NA,NA,c,NA,NA,NA,NA,34,0,NA,NA,NA,0
28A,A,Lamboara South-East beach,11/05/2022,10,FJ02540,-315,24.95,14.12,19,NA,3,right,FH80577,NA,np,04/05/2022,7,NA,6,34,0,NA,NA,NA,0
28A,A,Lamboara South-East beach,11/05/2022,10,FJ02540,-315,24.95,14.12,19,NA,3,middle,NA,NA,NA,NA,NA,NA,NA,34,0,NA,NA,NA,0
28A,A,Lamboara South-East beach,11/05/2022,10,FJ02540,-315,24.95,14.12,19,NA,3,chamber,NA,NA,NA,NA,NA,NA,NA,34,0,NA,NA,NA,900
28B,B,Lamboara South-East beach,11/05/2022,10,FJ02540,-315,24.95,14.12,19,NA,3,left,FJ02518,NA,np,09/05/2022,2,2,2,57,0,NA,NA,NA,0
28B,B,Lamboara South-East beach,11/05/2022,10,FJ02540,-315,24.95,14.12,19,NA,3,right,FH97579,NA,p,11/05/2022,0,2,1,57,0,NA,NA,NA,0
28B,B,Lamboara South-East beach,11/05/2022,10,FJ02540,-315,24.95,14.12,19,NA,3,middle,NA,NA,NA,NA,NA,NA,NA,57,0,NA,NA,NA,0
28B,B,Lamboara South-East beach,11/05/2022,10,FJ02540,-315,24.95,14.12,19,NA,3,chamber,NA,NA,NA,NA,NA,NA,NA,57,0,NA,NA,NA,900
29A,A,Lamboara South-East beach,11/05/2022,14,FJ02542,-316,22.60,10.62,13,NA,1,left,FH97579,NA,np,11/05/2022,0,NA,2,19,1,591.411,640.782,0,4.653
29A,A,Lamboara South-East beach,11/05/2022,14,FJ02542,-316,22.60,10.62,13,NA,1,right,NA,NA,c,NA,NA,NA,NA,19,1,591.411,604.323,1,31.617
29A,A,Lamboara South-East beach,11/05/2022,14,FJ02542,-316,22.60,10.62,13,NA,1,middle,NA,NA,NA,NA,NA,NA,NA,19,1,591.411,NA,NA,18.133
29A,A,Lamboara South-East beach,11/05/2022,14,FJ02542,-316,22.60,10.62,13,NA,1,chamber,NA,NA,NA,NA,NA,NA,NA,19,1,591.411,NA,NA,845.597
29B,B,Lamboara South-East beach,11/05/2022,14,FJ02542,-316,22.60,10.62,13,NA,1,left,FJ02539,NA,np,11/05/2022,0,0,1,49,1,410.352,414.625,0,114.029
29B,B,Lamboara South-East beach,11/05/2022,14,FJ02542,-316,22.60,10.62,13,NA,1,right,FJ02541,NA,p,11/05/2022,0,0,1,49,1,410.352,411.587,1,97.232
29B,B,Lamboara South-East beach,11/05/2022,14,FJ02542,-316,22.60,10.62,13,NA,1,middle,NA,NA,NA,NA,NA,NA,NA,49,1,410.352,NA,NA,59.108
29B,B,Lamboara South-East beach,11/05/2022,14,FJ02542,-316,22.60,10.62,13,NA,1,chamber,NA,NA,NA,NA,NA,NA,NA,49,1,410.352,NA,NA,629.631
30A,A,Lamboara South-East beach,11/05/2022,16,FJ02545,-317,22.55,12.20,13,NA,2,left,FJ02541,NA,np,11/05/2022,0,NA,2,59,0,NA,NA,NA,0
30A,A,Lamboara South-East beach,11/05/2022,16,FJ02545,-317,22.55,12.20,13,NA,2,right,NA,NA,c,NA,NA,NA,NA,59,0,NA,NA,NA,0
30A,A,Lamboara South-East beach,11/05/2022,16,FJ02545,-317,22.55,12.20,13,NA,2,middle,NA,NA,NA,NA,NA,NA,NA,59,0,NA,NA,NA,0
30A,A,Lamboara South-East beach,11/05/2022,16,FJ02545,-317,22.55,12.20,13,NA,2,chamber,NA,NA,NA,NA,NA,NA,NA,59,0,NA,NA,NA,900
30B,B,Lamboara South-East beach,11/05/2022,16,FJ02545,-317,22.55,12.20,13,NA,2,left,FJ02543,NA,p,11/05/2022,0,0,1,65,1,555.711,561.501,0,30.873
30B,B,Lamboara South-East beach,11/05/2022,16,FJ02545,-317,22.55,12.20,13,NA,2,right,FJ02539,NA,np,11/05/2022,0,0,1,65,1,555.711,558.748,1,5.031
30B,B,Lamboara South-East beach,11/05/2022,16,FJ02545,-317,22.55,12.20,13,NA,2,middle,NA,NA,NA,NA,NA,NA,NA,65,1,555.711,NA,NA,7.119
30B,B,Lamboara South-East beach,11/05/2022,16,FJ02545,-317,22.55,12.20,13,NA,2,chamber,NA,NA,NA,NA,NA,NA,NA,65,1,555.711,NA,NA,856.977
31A,A,Lamboara South-East beach,12/05/2022,11,FJ02547,-318,20.80,7.82,8,NA,3,left,NA,NA,c,NA,NA,NA,NA,58,0,307.621,313.128,1,124.397
31A,A,Lamboara South-East beach,12/05/2022,11,FJ02547,-318,20.80,7.82,8,NA,3,right,FJ02541,NA,np,11/05/2022,1,NA,3,58,0,307.621,322.624,0,82.127
31A,A,Lamboara South-East beach,12/05/2022,11,FJ02547,-318,20.80,7.82,8,NA,3,middle,NA,NA,NA,NA,NA,NA,NA,58,0,307.621,NA,NA,136.836
31A,A,Lamboara South-East beach,12/05/2022,11,FJ02547,-318,20.80,7.82,8,NA,3,chamber,NA,NA,NA,NA,NA,NA,NA,58,0,307.621,NA,NA,556.64
31B,B,Lamboara South-East beach,12/05/2022,11,FJ02547,-318,20.80,7.82,8,NA,3,left,FJ02543,NA,np,11/05/2022,1,1,2,53,1,441.396,469.404,1,31.332
31B,B,Lamboara South-East beach,12/05/2022,11,FJ02547,-318,20.80,7.82,8,NA,3,right,FJ02546,NA,p,12/05/2022,0,1,1,53,1,441.396,470.355,0,153.881
31B,B,Lamboara South-East beach,12/05/2022,11,FJ02547,-318,20.80,7.82,8,NA,3,middle,NA,NA,NA,NA,NA,NA,NA,53,1,441.396,NA,NA,76.527
31B,B,Lamboara South-East beach,12/05/2022,11,FJ02547,-318,20.80,7.82,8,NA,3,chamber,NA,NA,NA,NA,NA,NA,NA,53,1,441.396,NA,NA,638.26
32A,A,Lamboara SIV,16/05/2022,12,FJ02549,302,18.12,4.73,1,NA,3,left,NA,NA,c,NA,NA,NA,NA,75,0,NA,NA,NA,0
32A,A,Lamboara SIV,16/05/2022,12,FJ02549,302,18.12,4.73,1,NA,3,right,FJ02543,NA,np,11/05/2022,5,NA,3,75,0,NA,NA,NA,0
32A,A,Lamboara SIV,16/05/2022,12,FJ02549,302,18.12,4.73,1,NA,3,middle,NA,NA,NA,NA,NA,NA,NA,75,0,NA,NA,NA,0
32A,A,Lamboara SIV,16/05/2022,12,FJ02549,302,18.12,4.73,1,NA,3,chamber,NA,NA,NA,NA,NA,NA,NA,75,0,NA,NA,NA,900
32B,B,Lamboara SIV,16/05/2022,12,FJ02549,302,18.12,4.73,1,NA,3,left,FJ02546,NA,np,12/05/2022,4,4,2,42,0,NA,NA,NA,0
32B,B,Lamboara SIV,16/05/2022,12,FJ02549,302,18.12,4.73,1,NA,3,right,FJ02548,NA,p,16/05/2022,0,4,1,42,0,NA,NA,NA,0
32B,B,Lamboara SIV,16/05/2022,12,FJ02549,302,18.12,4.73,1,NA,3,middle,NA,NA,NA,NA,NA,NA,NA,42,0,NA,NA,NA,0
32B,B,Lamboara SIV,16/05/2022,12,FJ02549,302,18.12,4.73,1,NA,3,chamber,NA,NA,NA,NA,NA,NA,NA,42,0,NA,NA,NA,900
33A,A,Lamboara SIV,16/05/2022,14,FJ02550,302,17.29,4.66,1,NA,3,left,NA,NA,c,NA,NA,NA,NA,62,1,19.463,22.501,1,174.901
33A,A,Lamboara SIV,16/05/2022,14,FJ02550,302,17.29,4.66,1,NA,3,right,FJ02546,NA,np,12/05/2022,4,NA,3,62,1,19.463,69.974,0,187.141
33A,A,Lamboara SIV,16/05/2022,14,FJ02550,302,17.29,4.66,1,NA,3,middle,NA,NA,NA,NA,NA,NA,NA,62,1,19.463,NA,NA,291.28
33A,A,Lamboara SIV,16/05/2022,14,FJ02550,302,17.29,4.66,1,NA,3,chamber,NA,NA,NA,NA,NA,NA,NA,62,1,19.463,NA,NA,246.678
33B,B,Lamboara SIV,16/05/2022,14,FJ02550,302,17.29,4.66,1,NA,3,left,FJ02543,NA,np,11/05/2022,5,5,4,20,1,0.475,1.426,1,126.678
33B,B,Lamboara SIV,16/05/2022,14,FJ02550,302,17.29,4.66,1,NA,3,right,FJ02548,NA,p,16/05/2022,0,5,2,20,1,0.475,15.095,0,307.536
33B,B,Lamboara SIV,16/05/2022,14,FJ02550,302,17.29,4.66,1,NA,3,middle,NA,NA,NA,NA,NA,NA,NA,20,1,0.475,NA,NA,190.643
33B,B,Lamboara SIV,16/05/2022,14,FJ02550,302,17.29,4.66,1,NA,3,chamber,NA,NA,NA,NA,NA,NA,NA,20,1,0.475,NA,NA,275.143
34A,A,Lamboara West Beach,19/05/2022,12,FJ02553,-320,19.22,5.56,3,NA,2,left,FJ02546,NA,np,12/05/2022,7,NA,4,72,1,111.843,250.747,0,63.46
34A,A,Lamboara West Beach,19/05/2022,12,FJ02553,-320,19.22,5.56,3,NA,2,right,NA,NA,c,NA,NA,NA,NA,72,1,111.843,116.97,1,307.717
34A,A,Lamboara West Beach,19/05/2022,12,FJ02553,-320,19.22,5.56,3,NA,2,middle,NA,NA,NA,NA,NA,NA,NA,72,1,111.843,NA,NA,171.18
34A,A,Lamboara West Beach,19/05/2022,12,FJ02553,-320,19.22,5.56,3,NA,2,chamber,NA,NA,NA,NA,NA,NA,NA,72,1,111.843,NA,NA,357.643
34B,B,Lamboara West Beach,19/05/2022,12,FJ02553,-320,19.22,5.56,3,NA,2,left,FJ02552,NA,p,19/05/2022,0,3,1,63,1,27.818,29.528,1,219.13
34B,B,Lamboara West Beach,19/05/2022,12,FJ02553,-320,19.22,5.56,3,NA,2,right,FJ02548,NA,np,16/05/2022,3,3,3,63,1,27.818,42.915,0,298.612
34B,B,Lamboara West Beach,19/05/2022,12,FJ02553,-320,19.22,5.56,3,NA,2,middle,NA,NA,NA,NA,NA,NA,NA,63,1,27.818,NA,NA,194.359
34B,B,Lamboara West Beach,19/05/2022,12,FJ02553,-320,19.22,5.56,3,NA,2,chamber,NA,NA,NA,NA,NA,NA,NA,63,1,27.818,NA,NA,187.899
35A,A,Lamboara West Beach,19/05/2022,13,FJ02554,-320,18.95,5.00,3,NA,3,left,NA,NA,c,NA,NA,NA,NA,31,1,4.938,26.245,0,51.667
35A,A,Lamboara West Beach,19/05/2022,13,FJ02554,-320,18.95,5.00,3,NA,3,right,FJ02548,NA,np,16/05/2022,3,NA,4,31,1,4.938,7.309,1,303.04
35A,A,Lamboara West Beach,19/05/2022,13,FJ02554,-320,18.95,5.00,3,NA,3,middle,NA,NA,NA,NA,NA,NA,NA,31,1,4.938,NA,NA,85.403
35A,A,Lamboara West Beach,19/05/2022,13,FJ02554,-320,18.95,5.00,3,NA,3,chamber,NA,NA,NA,NA,NA,NA,NA,31,1,4.938,NA,NA,459.89
35B,B,Lamboara West Beach,19/05/2022,13,FJ02554,-320,18.95,5.00,3,NA,3,left,FJ02543,NA,np,11/05/2022,8,8,4,36,1,425.922,666.797,0,9.78
35B,B,Lamboara West Beach,19/05/2022,13,FJ02554,-320,18.95,5.00,3,NA,3,right,FJ02552,NA,p,19/05/2022,0,8,2,36,1,425.922,539.476,1,106.148
35B,B,Lamboara West Beach,19/05/2022,13,FJ02554,-320,18.95,5.00,3,NA,3,middle,NA,NA,NA,NA,NA,NA,NA,36,1,425.922,NA,NA,86.309
35B,B,Lamboara West Beach,19/05/2022,13,FJ02554,-320,18.95,5.00,3,NA,3,chamber,NA,NA,NA,NA,NA,NA,NA,36,1,425.922,NA,NA,697.763
36A,A,Lamboara West Beach,19/05/2022,16,FJ02557,-321,19.08,5.45,3,NA,4,left,NA,NA,c,NA,NA,NA,NA,8,1,25.92,27.154,1,111.931
36A,A,Lamboara West Beach,19/05/2022,16,FJ02557,-321,19.08,5.45,3,NA,4,right,FJ02548,NA,np,16/05/2022,3,NA,5,8,1,25.92,86.019,0,319.608
36A,A,Lamboara West Beach,19/05/2022,16,FJ02557,-321,19.08,5.45,3,NA,4,middle,NA,NA,NA,NA,NA,NA,NA,8,1,25.92,NA,NA,161.517
36A,A,Lamboara West Beach,19/05/2022,16,FJ02557,-321,19.08,5.45,3,NA,4,chamber,NA,NA,NA,NA,NA,NA,NA,8,1,25.92,NA,NA,306.944
36B,B,Lamboara West Beach,19/05/2022,16,FJ02557,-321,19.08,5.45,3,NA,4,left,FJ02555,NA,p,19/05/2022,0,0,1,6,1,0.095,0.475,1,115.568
36B,B,Lamboara West Beach,19/05/2022,16,FJ02557,-321,19.08,5.45,3,NA,4,right,FJ02552,NA,np,19/05/2022,0,0,3,6,1,0.095,2.468,0,414.727
36B,B,Lamboara West Beach,19/05/2022,16,FJ02557,-321,19.08,5.45,3,NA,4,middle,NA,NA,NA,NA,NA,NA,NA,6,1,0.095,NA,NA,353.661
36B,B,Lamboara West Beach,19/05/2022,16,FJ02557,-321,19.08,5.45,3,NA,4,chamber,NA,NA,NA,NA,NA,NA,NA,6,1,0.095,NA,NA,16.044
37A,A,Lamboara West Beach,19/05/2022,17,FJ02558,-321,19.33,5.61,4,NA,3,left,NA,NA,c,NA,NA,NA,NA,41,1,5.504,6.644,1,103.541
37A,A,Lamboara West Beach,19/05/2022,17,FJ02558,-321,19.33,5.61,4,NA,3,right,FJ02552,NA,np,19/05/2022,0,NA,4,41,1,5.504,15.189,0,79.849
37A,A,Lamboara West Beach,19/05/2022,17,FJ02558,-321,19.33,5.61,4,NA,3,middle,NA,NA,NA,NA,NA,NA,NA,41,1,5.504,NA,NA,75.756
37A,A,Lamboara West Beach,19/05/2022,17,FJ02558,-321,19.33,5.61,4,NA,3,chamber,NA,NA,NA,NA,NA,NA,NA,41,1,5.504,NA,NA,640.854
37B,B,Lamboara West Beach,19/05/2022,17,FJ02558,-321,19.33,5.61,4,NA,3,left,FJ02548,NA,np,16/05/2022,3,3,6,23,1,42.82,222.932,0,51.652
37B,B,Lamboara West Beach,19/05/2022,17,FJ02558,-321,19.33,5.61,4,NA,3,right,FJ02556,NA,p,19/05/2022,0,3,1,23,1,42.82,43.485,1,158.292
37B,B,Lamboara West Beach,19/05/2022,17,FJ02558,-321,19.33,5.61,4,NA,3,middle,NA,NA,NA,NA,NA,NA,NA,23,1,42.82,NA,NA,259.687
37B,B,Lamboara West Beach,19/05/2022,17,FJ02558,-321,19.33,5.61,4,NA,3,chamber,NA,NA,NA,NA,NA,NA,NA,23,1,42.82,NA,NA,430.369
38A,A,West Mamelo / South Ampisirona,23/05/2022,12,FJ02561,-322,24.15,15.48,17,NA,2,left,FJ02555,NA,np,19/05/2022,4,NA,2,14,0,NA,NA,NA,0
38A,A,West Mamelo / South Ampisirona,23/05/2022,12,FJ02561,-322,24.15,15.48,17,NA,2,right,NA,NA,c,NA,NA,NA,NA,14,0,NA,NA,NA,0
38A,A,West Mamelo / South Ampisirona,23/05/2022,12,FJ02561,-322,24.15,15.48,17,NA,2,middle,NA,NA,NA,NA,NA,NA,NA,14,0,NA,NA,NA,0
38A,A,West Mamelo / South Ampisirona,23/05/2022,12,FJ02561,-322,24.15,15.48,17,NA,2,chamber,NA,NA,NA,NA,NA,NA,NA,14,0,NA,NA,NA,900
38B,B,West Mamelo / South Ampisirona,23/05/2022,12,FJ02561,-322,24.15,15.48,17,NA,2,left,FJ02560,NA,p,23/05/2022,0,4,1,25,0,NA,NA,NA,0
38B,B,West Mamelo / South Ampisirona,23/05/2022,12,FJ02561,-322,24.15,15.48,17,NA,2,right,FJ02556,NA,np,19/05/2022,4,4,2,25,0,NA,NA,NA,0
38B,B,West Mamelo / South Ampisirona,23/05/2022,12,FJ02561,-322,24.15,15.48,17,NA,2,middle,NA,NA,NA,NA,NA,NA,NA,25,0,NA,NA,NA,0
38B,B,West Mamelo / South Ampisirona,23/05/2022,12,FJ02561,-322,24.15,15.48,17,NA,2,chamber,NA,NA,NA,NA,NA,NA,NA,25,0,NA,NA,NA,900
39A,A,Lamboara West Beach,24/05/2022,11,FJ02562,208,19.01,4.71,3,NA,3,left,NA,NA,c,NA,NA,NA,NA,9,1,2.564,3.419,1,66.043
39A,A,Lamboara West Beach,24/05/2022,11,FJ02562,208,19.01,4.71,3,NA,3,right,FJ02560,NA,np,23/05/2022,1,NA,2,9,1,2.564,13.292,0,183.158
39A,A,Lamboara West Beach,24/05/2022,11,FJ02562,208,19.01,4.71,3,NA,3,middle,NA,NA,NA,NA,NA,NA,NA,9,1,2.564,NA,NA,186.444
39A,A,Lamboara West Beach,24/05/2022,11,FJ02562,208,19.01,4.71,3,NA,3,chamber,NA,NA,NA,NA,NA,NA,NA,9,1,2.564,NA,NA,464.355
39B,B,Lamboara West Beach,24/05/2022,11,FJ02562,208,19.01,4.71,3,NA,3,left,FJ02556,NA,np,19/05/2022,5,5,3,39,1,15.455,17.924,1,8.07
39B,B,Lamboara West Beach,24/05/2022,11,FJ02562,208,19.01,4.71,3,NA,3,right,FJ02007,NA,p,24/05/2022,0,5,1,39,1,15.455,26.467,0,26.206
39B,B,Lamboara West Beach,24/05/2022,11,FJ02562,208,19.01,4.71,3,NA,3,middle,NA,NA,NA,NA,NA,NA,NA,39,1,15.455,NA,NA,421.289
39B,B,Lamboara West Beach,24/05/2022,11,FJ02562,208,19.01,4.71,3,NA,3,chamber,NA,NA,NA,NA,NA,NA,NA,39,1,15.455,NA,NA,444.435
40A,A,Lamboara West Beach,24/05/2022,12,FJ02563,208,18.28,4.66,1,NA,4,left,NA,NA,c,NA,NA,NA,NA,48,1,2.185,17.091,0,85.67
40A,A,Lamboara West Beach,24/05/2022,12,FJ02563,208,18.28,4.66,1,NA,4,right,FJ02556,NA,np,19/05/2022,5,NA,4,48,1,2.185,2.66,1,225.182
40A,A,Lamboara West Beach,24/05/2022,12,FJ02563,208,18.28,4.66,1,NA,4,middle,NA,NA,NA,NA,NA,NA,NA,48,1,2.185,NA,NA,188.488
40A,A,Lamboara West Beach,24/05/2022,12,FJ02563,208,18.28,4.66,1,NA,4,chamber,NA,NA,NA,NA,NA,NA,NA,48,1,2.185,NA,NA,400.66
40B,B,Lamboara West Beach,24/05/2022,12,FJ02563,208,18.28,4.66,1,NA,4,left,FJ02306,NA,p,24/05/2022,0,1,1,32,1,5.888,6.08,1,76.761
40B,B,Lamboara West Beach,24/05/2022,12,FJ02563,208,18.28,4.66,1,NA,4,right,FJ02560,NA,np,23/05/2022,1,1,3,32,1,5.888,20.743,0,312.248
40B,B,Lamboara West Beach,24/05/2022,12,FJ02563,208,18.28,4.66,1,NA,4,middle,NA,NA,NA,NA,NA,NA,NA,32,1,5.888,NA,NA,287.585
40B,B,Lamboara West Beach,24/05/2022,12,FJ02563,208,18.28,4.66,1,NA,4,chamber,NA,NA,NA,NA,NA,NA,NA,32,1,5.888,NA,NA,223.406
41A,A,East Mamelo,26/05/2022,11,FJ02566,57,18.45,4.79,1,NA,1,left,FJ02007,NA,np,24/05/2022,2,NA,2,40,1,1.045,22.883,0,110.894
41A,A,East Mamelo,26/05/2022,11,FJ02566,57,18.45,4.79,1,NA,1,right,NA,NA,c,NA,NA,NA,NA,40,1,1.045,2.85,1,228.271
41A,A,East Mamelo,26/05/2022,11,FJ02566,57,18.45,4.79,1,NA,1,middle,NA,NA,NA,NA,NA,NA,NA,40,1,1.045,NA,NA,361.536
41A,A,East Mamelo,26/05/2022,11,FJ02566,57,18.45,4.79,1,NA,1,chamber,NA,NA,NA,NA,NA,NA,NA,40,1,1.045,NA,NA,199.299
41B,B,East Mamelo,26/05/2022,11,FJ02566,57,18.45,4.79,1,NA,1,left,FJ02306,NA,np,24/05/2022,2,2,2,46,1,0.096,3.039,1,28.579
41B,B,East Mamelo,26/05/2022,11,FJ02566,57,18.45,4.79,1,NA,1,right,FJ02101,NA,p,26/05/2022,0,2,1,46,1,0.096,14.147,0,73.775
41B,B,East Mamelo,26/05/2022,11,FJ02566,57,18.45,4.79,1,NA,1,middle,NA,NA,NA,NA,NA,NA,NA,46,1,0.096,NA,NA,720.268
41B,B,East Mamelo,26/05/2022,11,FJ02566,57,18.45,4.79,1,NA,1,chamber,NA,NA,NA,NA,NA,NA,NA,46,1,0.096,NA,NA,77.378
42A,A,West Mamelo / South Ampisirona,26/05/2022,16,FJ02568,311,19.32,6.06,4,NA,1,left,FJ02306,NA,np,24/05/2022,2,NA,3,2,1,307.24,307.621,1,56.305
42A,A,West Mamelo / South Ampisirona,26/05/2022,16,FJ02568,311,19.32,6.06,4,NA,1,right,NA,NA,c,NA,NA,NA,NA,2,1,307.24,327.695,0,36.267
42A,A,West Mamelo / South Ampisirona,26/05/2022,16,FJ02568,311,19.32,6.06,4,NA,1,middle,NA,NA,NA,NA,NA,NA,NA,2,1,307.24,NA,NA,474.268
42A,A,West Mamelo / South Ampisirona,26/05/2022,16,FJ02568,311,19.32,6.06,4,NA,1,chamber,NA,NA,NA,NA,NA,NA,NA,2,1,307.24,NA,NA,333.16
42B,B,West Mamelo / South Ampisirona,26/05/2022,16,FJ02568,311,19.32,6.06,4,NA,1,left,FJ02007,NA,np,24/05/2022,2,2,3,52,1,80.132,84.5,1,72.059
42B,B,West Mamelo / South Ampisirona,26/05/2022,16,FJ02568,311,19.32,6.06,4,NA,1,right,FJ0567,NA,p,26/05/2022,0,2,1,52,1,80.132,136.434,0,156.56
42B,B,West Mamelo / South Ampisirona,26/05/2022,16,FJ02568,311,19.32,6.06,4,NA,1,middle,NA,NA,NA,NA,NA,NA,NA,52,1,80.132,NA,NA,373.617
42B,B,West Mamelo / South Ampisirona,26/05/2022,16,FJ02568,311,19.32,6.06,4,NA,1,chamber,NA,NA,NA,NA,NA,NA,NA,52,1,80.132,NA,NA,297.764
43A,A,Ampengoky,27/05/2022,16,FJ02101,304,18.82,4.67,2,NA,3,left,NA,NA,c,NA,NA,NA,NA,74,1,4.85,26.681,0,86.592
43A,A,Ampengoky,27/05/2022,16,FJ02101,304,18.82,4.67,2,NA,3,right,FJ02101,NA,np,26/05/2022,1,NA,2,74,1,4.85,5.603,1,116.373
43A,A,Ampengoky,27/05/2022,16,FJ02101,304,18.82,4.67,2,NA,3,middle,NA,NA,NA,NA,NA,NA,NA,74,1,4.85,NA,NA,334.585
43A,A,Ampengoky,27/05/2022,16,FJ02101,304,18.82,4.67,2,NA,3,chamber,NA,NA,NA,NA,NA,NA,NA,74,1,4.85,NA,NA,362.45
43B,B,Ampengoky,27/05/2022,16,FJ02101,304,18.82,4.67,2,NA,3,left,FJ02567,NA,np,26/05/2022,1,1,2,13,1,3.987,178.874,0,125.16
43B,B,Ampengoky,27/05/2022,16,FJ02101,304,18.82,4.67,2,NA,3,right,FJ02559,NA,p,27/05/2022,0,1,1,13,1,3.987,14.431,1,103.583
43B,B,Ampengoky,27/05/2022,16,FJ02101,304,18.82,4.67,2,NA,3,middle,NA,NA,NA,NA,NA,NA,NA,13,1,3.987,NA,NA,512.889
43B,B,Ampengoky,27/05/2022,16,FJ02101,304,18.82,4.67,2,NA,3,chamber,NA,NA,NA,NA,NA,NA,NA,13,1,3.987,NA,NA,158.368
44A,A,Pandaroa,30/05/2022,12,FJ02570,-323,19.61,6.42,4,NA,4,left,NA,NA,c,NA,NA,NA,NA,37,1,0.095,556.852,1,86.304
44A,A,Pandaroa,30/05/2022,12,FJ02570,-323,19.61,6.42,4,NA,4,right,FH96997,NA,np,26/05/2022,4,NA,1,37,1,0.095,631.288,0,37.694
44A,A,Pandaroa,30/05/2022,12,FJ02570,-323,19.61,6.42,4,NA,4,middle,NA,NA,NA,NA,NA,NA,NA,37,1,0.095,NA,NA,567.201
44A,A,Pandaroa,30/05/2022,12,FJ02570,-323,19.61,6.42,4,NA,4,chamber,NA,NA,NA,NA,NA,NA,NA,37,1,0.095,NA,NA,208.801
44B,B,Pandaroa,30/05/2022,12,FJ02570,-323,19.61,6.42,4,NA,4,left,FH97077,NA,p,30/05/2022,0,3,1,38,1,4.082,89.247,0,13.009
44B,B,Pandaroa,30/05/2022,12,FJ02570,-323,19.61,6.42,4,NA,4,right,FJ02559,NA,np,27/05/2022,3,3,2,38,1,4.082,26.203,1,76.142
44B,B,Pandaroa,30/05/2022,12,FJ02570,-323,19.61,6.42,4,NA,4,middle,NA,NA,NA,NA,NA,NA,NA,38,1,4.082,NA,NA,154.667
44B,B,Pandaroa,30/05/2022,12,FJ02570,-323,19.61,6.42,4,NA,4,chamber,NA,NA,NA,NA,NA,NA,NA,38,1,4.082,NA,NA,656.182
45A,A,Pandaroa,30/05/2022,13,FJ02571,-323,18.56,5.62,2,NA,1,left,FJ02567,NA,np,26/05/2022,4,NA,3,7,1,0.096,3.133,1,306.956
45A,A,Pandaroa,30/05/2022,13,FJ02571,-323,18.56,5.62,2,NA,1,right,NA,NA,c,NA,NA,NA,NA,7,1,0.096,60.861,0,235.941
45A,A,Pandaroa,30/05/2022,13,FJ02571,-323,18.56,5.62,2,NA,1,middle,NA,NA,NA,NA,NA,NA,NA,7,1,0.096,NA,NA,198.732
45A,A,Pandaroa,30/05/2022,13,FJ02571,-323,18.56,5.62,2,NA,1,chamber,NA,NA,NA,NA,NA,NA,NA,7,1,0.096,NA,NA,158.371
45B,B,Pandaroa,30/05/2022,13,FJ02571,-323,18.56,5.62,2,NA,1,left,FH96997,NA,np,26/05/2022,4,4,2,64,1,0.284,0.664,1,156.47
45B,B,Pandaroa,30/05/2022,13,FJ02571,-323,18.56,5.62,2,NA,1,right,FH97077,NA,p,30/05/2022,0,4,2,64,1,0.284,17.184,0,262.248
45B,B,Pandaroa,30/05/2022,13,FJ02571,-323,18.56,5.62,2,NA,1,middle,NA,NA,NA,NA,NA,NA,NA,64,1,0.284,NA,NA,342.844
45B,B,Pandaroa,30/05/2022,13,FJ02571,-323,18.56,5.62,2,NA,1,chamber,NA,NA,NA,NA,NA,NA,NA,64,1,0.284,NA,NA,138.438
46A,A,Lamboara South-East beach,31/05/2022,12,FJ02573,303,18.80,5.11,2,NA,2,left,FJ02559,NA,np,27/05/2022,4,NA,3,4,1,1.52,53.359,0,179.264
46A,A,Lamboara South-East beach,31/05/2022,12,FJ02573,303,18.80,5.11,2,NA,2,right,NA,NA,c,NA,NA,NA,NA,4,1,1.52,13.198,1,110.976
46A,A,Lamboara South-East beach,31/05/2022,12,FJ02573,303,18.80,5.11,2,NA,2,middle,NA,NA,NA,NA,NA,NA,NA,4,1,1.52,NA,NA,160.96
46A,A,Lamboara South-East beach,31/05/2022,12,FJ02573,303,18.80,5.11,2,NA,2,chamber,NA,NA,NA,NA,NA,NA,NA,4,1,1.52,NA,NA,448.8
46B,B,Lamboara South-East beach,31/05/2022,12,FJ02573,303,18.80,5.11,2,NA,2,left,FJ02572,NA,p,31/05/2022,0,1,1,5,1,15.477,76.145,1,72.153
46B,B,Lamboara South-East beach,31/05/2022,12,FJ02573,303,18.80,5.11,2,NA,2,right,FH97077,NA,np,30/05/2022,1,1,3,5,1,15.477,101.497,0,94.915
46B,B,Lamboara South-East beach,31/05/2022,12,FJ02573,303,18.80,5.11,2,NA,2,middle,NA,NA,NA,NA,NA,NA,NA,5,1,15.477,NA,NA,173.753
46B,B,Lamboara South-East beach,31/05/2022,12,FJ02573,303,18.80,5.11,2,NA,2,chamber,NA,NA,NA,NA,NA,NA,NA,5,1,15.477,NA,NA,559.179
